epoch,time,train/box_loss,train/cls_loss,train/dfl_loss,metrics/precision(B),metrics/recall(B),metrics/mAP50(B),metrics/mAP50-95(B),val/box_loss,val/cls_loss,val/dfl_loss,lr/pg0,lr/pg1,lr/pg2
1,24.6314,1.26706,5.00185,1.64762,0.00205,0.8,0.00204,0.00129,0.93311,8.80143,1.71713,0.00012,0.00012,0.00012
2,27.1306,0.83173,3.40436,1.20579,0.84848,1,0.97682,0.93999,0.3666,5.88952,0.83557,0.00025571,0.00025571,0.00025571
3,30.3068,0.53634,1.23519,0.90927,0.40711,0.5,0.42279,0.41586,0.34652,5.97677,0.8591,0.0003868,0.0003868,0.0003868
4,33.0527,0.48765,0.87873,0.88337,0.09699,0.9,0.10691,0.10005,0.37468,10.6241,0.84078,0.00051327,0.00051327,0.00051327
5,35.5489,0.54229,0.74147,0.90201,0.01007,1,0.01022,0.00987,0.31846,131.186,0.82312,0.00063512,0.00063512,0.00063512
6,38.0074,0.51884,0.62001,0.88643,0.0187,1,0.02108,0.01936,0.39075,38.4772,0.86641,0.00075235,0.00075235,0.00075235
7,40.4531,0.56626,0.64476,0.90261,0.2647,1,0.52431,0.48999,0.484,4.75177,0.91363,0.00086496,0.00086496,0.00086496
8,43.5751,0.53034,0.5976,0.86801,0.69792,0.92552,0.75431,0.70191,0.42466,2.86052,0.864,0.00097295,0.00097295,0.00097295
9,46.2523,0.54088,0.52853,0.88525,0.90657,1,0.995,0.8833,0.5018,0.88786,0.88803,0.00107632,0.00107632,0.00107632
10,48.7393,0.5479,0.5152,0.88885,0.97131,1,0.995,0.90752,0.45805,0.86813,0.86526,0.00117507,0.00117507,0.00117507
11,51.1522,0.5366,0.53051,0.89088,0.71117,0.9,0.8971,0.78794,0.53123,2.60627,0.92186,0.0012692,0.0012692,0.0012692
12,53.5762,0.54302,0.48507,0.88153,0.95492,1,0.995,0.89729,0.48525,1.55147,0.88178,0.00135871,0.00135871,0.00135871
13,56.7898,0.51821,0.46993,0.88275,0.95882,1,0.995,0.91502,0.42337,1.24379,0.85894,0.0014436,0.0014436,0.0014436
14,59.37,0.52018,0.51701,0.87701,0.79935,0.7,0.80985,0.68994,0.75039,1.38902,1.12237,0.00152387,0.00152387,0.00152387
15,61.7534,0.54361,0.50259,0.88409,0.8568,0.59855,0.58347,0.52259,0.76227,1.51524,1.42993,0.001538,0.001538,0.001538
16,64.1901,0.51272,0.46638,0.88162,0.88729,0.78849,0.78423,0.68615,0.74266,1.29981,1.20972,0.001505,0.001505,0.001505
17,66.5555,0.51829,0.45866,0.88598,0.95474,0.6,0.64919,0.52199,0.79274,1.03275,1.21715,0.001472,0.001472,0.001472
18,69.7018,0.49786,0.42936,0.87114,0.75028,0.6,0.62861,0.55361,0.96053,1.45318,1.77213,0.001439,0.001439,0.001439
19,72.342,0.48586,0.45977,0.86791,0.94104,0.7,0.69629,0.6617,0.58765,1.2772,0.99805,0.001406,0.001406,0.001406
20,74.9831,0.49444,0.44322,0.87877,0.97576,1,0.995,0.94923,0.38395,0.51979,0.84268,0.001373,0.001373,0.001373
21,77.4493,0.50302,0.45771,0.87409,0.89092,1,0.995,0.94284,0.38526,0.52811,0.84535,0.00134,0.00134,0.00134
22,79.9735,0.5012,0.39933,0.88432,0.90403,0.94434,0.98591,0.91534,0.39461,0.65398,0.84863,0.001307,0.001307,0.001307
23,83.2679,0.4863,0.39782,0.88016,0.97139,1,0.995,0.92673,0.37426,0.66693,0.83511,0.001274,0.001274,0.001274
24,85.6377,0.49243,0.38931,0.86432,0.97376,1,0.995,0.93581,0.34661,0.52897,0.83233,0.001241,0.001241,0.001241
25,88.0666,0.45211,0.39174,0.86166,0.97666,1,0.995,0.92412,0.37994,0.45245,0.84273,0.001208,0.001208,0.001208
26,90.4974,0.47223,0.39409,0.86741,0.97659,1,0.995,0.95445,0.34255,0.43118,0.82659,0.001175,0.001175,0.001175
27,93.0179,0.45102,0.36453,0.87801,0.966,1,0.995,0.9238,0.34707,0.39841,0.84621,0.001142,0.001142,0.001142
28,96.2362,0.4552,0.36973,0.87335,0.97654,1,0.995,0.93109,0.34969,0.37414,0.83516,0.001109,0.001109,0.001109
29,98.6706,0.44945,0.37005,0.8463,0.97769,1,0.995,0.96861,0.34912,0.41359,0.83365,0.001076,0.001076,0.001076
30,101.172,0.45766,0.37161,0.86685,0.97091,1,0.995,0.95273,0.31778,0.3064,0.82701,0.001043,0.001043,0.001043
31,103.658,0.45415,0.35576,0.87615,0.98654,1,0.995,0.97226,0.34961,0.27488,0.84083,0.00101,0.00101,0.00101
32,106.37,0.47172,0.36974,0.87061,0.97479,1,0.995,0.96547,0.29795,0.29273,0.82568,0.000977,0.000977,0.000977
33,109.377,0.43827,0.36079,0.86207,0.95927,1,0.995,0.96716,0.31025,0.31492,0.82691,0.000944,0.000944,0.000944
34,111.907,0.45783,0.37431,0.8741,0.97275,1,0.995,0.95033,0.30842,0.30144,0.83408,0.000911,0.000911,0.000911
35,114.315,0.41123,0.33287,0.83915,0.98043,1,0.995,0.9681,0.32579,0.34339,0.8275,0.000878,0.000878,0.000878
36,116.801,0.39398,0.32174,0.85161,0.98396,1,0.995,0.95051,0.30835,0.32921,0.82341,0.000845,0.000845,0.000845
37,119.257,0.40911,0.34394,0.85142,0.97824,1,0.995,0.96752,0.29617,0.35547,0.82866,0.000812,0.000812,0.000812
38,122.516,0.4185,0.33375,0.86744,0.98078,1,0.995,0.95608,0.3055,0.34747,0.8288,0.000779,0.000779,0.000779
39,124.967,0.39384,0.33959,0.83387,0.98924,1,0.995,0.96874,0.29634,0.27737,0.83263,0.000746,0.000746,0.000746
40,127.465,0.39714,0.31908,0.85035,0.98312,1,0.995,0.9475,0.32759,0.34994,0.83972,0.000713,0.000713,0.000713
41,129.867,0.4112,0.32877,0.86944,0.97769,1,0.995,0.91519,0.33669,0.35556,0.83502,0.00068,0.00068,0.00068
42,132.45,0.3928,0.31432,0.83668,0.97137,1,0.995,0.94245,0.32304,0.30668,0.83153,0.000647,0.000647,0.000647
43,135.618,0.41169,0.34009,0.83966,0.94274,1,0.995,0.92485,0.30884,0.33628,0.82846,0.000614,0.000614,0.000614
44,138.122,0.38911,0.31603,0.84197,0.95228,1,0.995,0.97846,0.27807,0.41509,0.8228,0.000581,0.000581,0.000581
45,140.531,0.36745,0.30128,0.85119,0.94578,1,0.995,0.9535,0.28221,0.37469,0.82338,0.000548,0.000548,0.000548
46,142.973,0.38979,0.31005,0.86166,0.97328,1,0.995,0.96896,0.27365,0.23719,0.82357,0.000515,0.000515,0.000515
47,145.476,0.38434,0.30761,0.86856,0.98263,1,0.995,0.995,0.24581,0.22462,0.82047,0.000482,0.000482,0.000482
48,148.653,0.36769,0.28548,0.83975,0.98867,1,0.995,0.98598,0.25319,0.22713,0.81955,0.000449,0.000449,0.000449
49,151.083,0.38487,0.31501,0.85508,0.99052,1,0.995,0.995,0.26005,0.22348,0.81959,0.000416,0.000416,0.000416
50,153.558,0.36528,0.30198,0.8385,0.99003,1,0.995,0.97882,0.26323,0.21772,0.8199,0.000383,0.000383,0.000383
51,157.47,0.37622,0.37791,0.84586,0.98926,1,0.995,0.9819,0.24696,0.21314,0.82349,0.00035,0.00035,0.00035
52,160.454,0.32166,0.27571,0.83329,0.9903,1,0.995,0.995,0.23594,0.21344,0.82551,0.000317,0.000317,0.000317
53,163.18,0.32179,0.24898,0.81152,0.99071,1,0.995,0.995,0.23939,0.2076,0.82547,0.000284,0.000284,0.000284
54,165.733,0.30653,0.24895,0.80917,0.99226,1,0.995,0.98525,0.24096,0.19007,0.82333,0.000251,0.000251,0.000251
55,168.134,0.32878,0.28588,0.81781,0.9928,1,0.995,0.995,0.24964,0.18337,0.82257,0.000218,0.000218,0.000218
56,170.736,0.32366,0.24998,0.82131,0.99251,1,0.995,0.995,0.23472,0.18045,0.8202,0.000185,0.000185,0.000185
57,173.997,0.32757,0.26374,0.81724,0.99191,1,0.995,0.995,0.23648,0.18098,0.82067,0.000152,0.000152,0.000152
58,176.578,0.30602,0.25449,0.80149,0.99087,1,0.995,0.995,0.23724,0.18476,0.82216,0.000119,0.000119,0.000119
59,179.05,0.3081,0.24757,0.83135,0.99106,1,0.995,0.995,0.23384,0.173,0.82366,8.6e-05,8.6e-05,8.6e-05
60,181.577,0.29917,0.24817,0.83176,0.99129,1,0.995,0.995,0.22832,0.16739,0.82234,5.3e-05,5.3e-05,5.3e-05
